{"all_possible_states": false, "all_possible_transitions": true, "c1": 0.3370573040630146, "c2": 0.06640163917149343, "max_iterations": 200}